passport,birth_date
149722,1970-2-11
290012,1998-10-9
797599,1985-5-30
332691,1992-2-7
536782,1994-10-6
314618,1951-11-14
952530,1996-8-1
450729,1954-5-16
714667,1996-6-2
255980,1985-9-21
217961,1961-10-27
263004,1971-8-10
203824,1998-5-14
724636,1991-9-31
753976,1953-3-22
865595,1994-9-20
445470,1959-6-17
156210,1986-5-9
760894,1982-8-11
691087,1957-8-19
354917,1978-1-1
209794,1959-11-29
408373,1993-4-18
794608,1980-12-6
588932,1953-1-31
552069,1963-11-23
547812,1971-10-22
708370,1979-12-3
447608,1982-4-17
714095,1981-9-21
358700,1980-10-15
344454,1999-8-2
652516,1979-7-2
453643,1998-1-29
207348,1950-2-17
896098,1986-7-4
637550,1984-5-24
692152,1968-7-28
952796,1985-1-13
501770,1952-10-4
775142,1993-9-30
139523,1979-7-15
100084,1954-12-15
814694,1984-8-27
741448,1965-5-22
876569,1979-7-26
223915,1988-11-27
789770,1982-3-9